val,DN_TID,x,y,UFID,NAME,SCLS,FMTA
1806.00000000000000000,DT_1,127.014,37.596326,ARB030000000002Q7,돈암동,,
8.00000000000000000,DT_2,126.979,37.568157,ARB030000000006PA,신문로1가,,
51.00000000000000000,DT_3,126.993,37.572195,ARB030000000001AQ,낙원동,,
38884.00000000000000000,DT_4,126.949,37.587077,ARB030000000004P8,봉원동,,
5739.00000000000000000,DT_5,127.077,37.458150,ARB030000000000AP,개포동,,
38.00000000000000000,DT_6,126.994,37.569238,ARB030000000000N2,관수동,,
618.00000000000000000,DT_7,127.003,37.573050,ARB030000000007SE,연지동,,
983.00000000000000000,DT_8,127.018,37.592314,ARB030000000002UB,동선동1가,,
38483.00000000000000000,DT_9,127.073,37.637645,ARB030000000000JY,공릉동,,
3.00000000000000000,DT_10,126.981,37.565999,ARB0300000000062N,소공동,,
3242.00000000000000000,DT_11,126.966,37.594763,ARB030000000004SB,부암동,,
23715.00000000000000000,DT_12,126.907,37.611073,ARB030000000000XC,구산동,,
724.00000000000000000,DT_13,126.959,37.569351,ARB030000000004UD,북아현동,,
5367.00000000000000000,DT_14,126.940,37.541498,ARB030000000006UF,신수동,,
1150.00000000000000000,DT_15,126.944,37.564220,ARB030000000002DU,대신동,,
745.00000000000000000,DT_16,126.990,37.574349,ARB030000000000ET,경운동,,
51932.00000000000000000,DT_17,127.014,37.557911,ARB030000000000S7,광희동2가,,
142.00000000000000000,DT_18,126.981,37.573698,ARB0300000000060L,세종로,,
246.00000000000000000,DT_19,127.002,37.566725,ARB030000000004AT,방산동,,
26943.00000000000000000,DT_20,126.935,37.605310,ARB030000000001VB,녹번동,,
11108.00000000000000000,DT_21,126.930,37.550265,ARB030000000005G0,상수동,,
8304.00000000000000000,DT_22,127.062,37.553180,ARB030000000004YH,사근동,,
7407.00000000000000000,DT_23,126.951,37.503274,ARB030000000001UA,노량진동,,
15977.00000000000000000,DT_24,127.097,37.485876,ARB0300000000068T,수서동,,
1329.00000000000000000,DT_25,126.958,37.534327,ARB0300000000052M,산천동,,
683.00000000000000000,DT_26,127.054,37.463670,ARB030000000000AP,개포동,,
11333.00000000000000000,DT_27,126.993,37.538510,ARB030000000002TA,동빙고동,,
5442.00000000000000000,DT_28,126.896,37.536318,ARB030000000003R9,목동,,
35490.00000000000000000,DT_29,127.032,37.513679,ARB030000000001WC,논현동,,
62.00000000000000000,DT_30,126.986,37.571716,ARB030000000000DS,견지동,,
7.00000000000000000,DT_31,126.976,37.560605,ARB030000000001FV,남대문로4가,,
6680.00000000000000000,DT_32,126.888,37.482700,ARB0300000000002H,가리봉동,,
167.00000000000000000,DT_33,126.977,37.531862,ARB030000000008PC,용산동1가,,
76961.00000000000000000,DT_34,126.909,37.449531,ARB030000000002P6,독산동,,
34747.00000000000000000,DT_35,126.900,37.495428,ARB030000000000WB,구로동,,
54.00000000000000000,DT_36,126.980,37.571451,ARB030000000002AR,당주동,,
2493.00000000000000000,DT_37,127.026,37.574944,ARB030000000004K3,보문동6가,,
40.00000000000000000,DT_38,126.981,37.567909,ARB030000000003TB,무교동,,
31995.00000000000000000,DT_39,127.151,37.549054,ARB030000000000GV,고덕동,,
1942.00000000000000000,DT_40,127.023,37.586900,ARB030000000004FY,보문동1가,,
3685.00000000000000000,DT_41,126.954,37.573772,ARB030000000004P8,봉원동,,
45893.00000000000000000,DT_42,127.125,37.515675,ARB030000000004BU,방이동,,
1998.00000000000000000,DT_43,127.016,37.583964,ARB030000000004H0,보문동3가,,
578.00000000000000000,DT_44,127.001,37.561346,ARB030000000003XF,묵정동,,
13.00000000000000000,DT_45,126.965,37.570081,ARB030000000000T8,교남동,,
48.00000000000000000,DT_46,126.976,37.562988,ARB030000000001FV,남대문로4가,,
2502.00000000000000000,DT_47,126.958,37.570299,ARB030000000004P8,봉원동,,
28094.00000000000000000,DT_48,127.065,37.588214,ARB030000000009I6,이문동,,
1769.00000000000000000,DT_49,127.020,37.590179,ARB030000000002UB,동선동1가,,
2330.00000000000000000,DT_50,126.982,37.556510,ARB030000000001FV,남대문로4가,,
3690.00000000000000000,DT_51,126.967,37.552166,ARB030000000000IX,공덕동,,
7044.00000000000000000,DT_52,126.897,37.525862,ARB0300000000023K,당산동1가,,
14793.00000000000000000,DT_53,127.012,37.575408,ARB0300000000036O,동숭동,,
775.00000000000000000,DT_54,127.007,37.590039,ARB030000000002ZG,동소문동1가,,
1168.00000000000000000,DT_55,126.956,37.600856,ARB03000000000CE5,홍은동,,
3450.00000000000000000,DT_56,127.008,37.584913,ARB0300000000036O,동숭동,,
2098.00000000000000000,DT_57,126.966,37.535181,ARB030000000006G1,신계동,,
18888.00000000000000000,DT_58,127.021,37.540853,ARB0300000000017N,금호동4가,,
1642.00000000000000000,DT_59,126.969,37.589205,ARB030000000004SB,부암동,,
397.00000000000000000,DT_60,126.961,37.571539,ARB0300000000086T,영천동,,
845.00000000000000000,DT_61,127.015,37.591639,ARB0300000000031J,동소문동3가,,
9655.00000000000000000,DT_62,126.956,37.544131,ARB030000000000IX,공덕동,,
88446.00000000000000000,DT_63,126.944,37.498708,ARB030000000001UA,노량진동,,
77.00000000000000000,DT_64,126.985,37.578329,ARB030000000004XG,사간동,,
1673.00000000000000000,DT_65,126.975,37.526147,ARB030000000008RE,용산동3가,,
39982.00000000000000000,DT_66,127.080,37.612713,ARB030000000000JY,공릉동,,
963.00000000000000000,DT_67,126.964,37.564854,ARB030000000001S8,냉천동,,
209.00000000000000000,DT_68,126.992,37.566326,ARB030000000006BW,수표동,,
61.00000000000000000,DT_69,126.964,37.568548,ARB030000000001S8,냉천동,,
4638.00000000000000000,DT_70,126.967,37.539981,ARB030000000008OB,용문동,,
955.00000000000000000,DT_71,126.908,37.518263,ARB0300000000080N,영등포동3가,,
1362.00000000000000000,DT_72,126.988,37.583924,ARB0300000000005K,가회동,,
687.00000000000000000,DT_73,127.025,37.580688,ARB030000000004I1,보문동4가,,
252.00000000000000000,DT_74,127.001,37.564735,ARB0300000000087U,예관동,,
16338.00000000000000000,DT_75,126.950,37.539759,ARB030000000002O5,도화동,,
17900.00000000000000000,DT_76,127.100,37.476268,ARB030000000001O4,내곡동,,
33400.00000000000000000,DT_77,127.036,37.557660,ARB0300000000014K,금호동1가,,
33956.00000000000000000,DT_78,127.087,37.598477,ARB030000000003J1,면목동,,
1262.00000000000000000,DT_79,126.907,37.521075,ARB0300000000080N,영등포동3가,,
37.00000000000000000,DT_80,126.998,37.569637,ARB0300000000089W,예지동,,
37160.00000000000000000,DT_81,126.911,37.578802,ARB030000000001BR,남가좌동,,
19695.00000000000000000,DT_82,126.954,37.562420,ARB030000000002DU,대신동,,
2754.00000000000000000,DT_83,126.966,37.546008,ARB030000000000IX,공덕동,,
26219.00000000000000000,DT_84,127.105,37.547833,ARB030000000000Q5,광장동,,
57236.00000000000000000,DT_85,126.854,37.554565,ARB030000000001P5,내발산동,,
88739.00000000000000000,DT_86,126.885,37.494235,ARB0300000000002H,가리봉동,,
50595.00000000000000000,DT_87,127.129,37.530494,ARB030000000004BU,방이동,,
1.00000000000000000,DT_88,126.982,37.563955,ARB030000000004VE,북창동,,
338.00000000000000000,DT_89,126.967,37.563331,ARB0300000000046P,미근동,,
105.00000000000000000,DT_90,126.980,37.577262,ARB0300000000060L,세종로,,
40917.00000000000000000,DT_91,127.009,37.515103,ARB030000000002TA,동빙고동,,
2400.00000000000000000,DT_92,126.999,37.584700,ARB030000000003M4,명륜1가,,
2668.00000000000000000,DT_93,126.972,37.552072,ARB0300000000006L,갈월동,,
15250.00000000000000000,DT_94,127.074,37.553037,ARB0300000000010G,군자동,,
5631.00000000000000000,DT_95,127.062,37.444075,ARB030000000006WH,신원동,,
28879.00000000000000000,DT_96,127.037,37.471970,ARB030000000002IZ,도곡동,,
1023.00000000000000000,DT_97,126.981,37.590755,ARB030000000004SB,부암동,,
9816.00000000000000000,DT_98,126.896,37.517270,ARB030000000003ZH,문래동2가,,
31474.00000000000000000,DT_99,127.132,37.476873,ARB0300000000001G,가락동,,
7713.00000000000000000,DT_100,127.051,37.593736,ARB03000000000B3T,청량리동,,
614.00000000000000000,DT_101,127.008,37.563945,ARB030000000000R6,광희동1가,,
3485.00000000000000000,DT_102,126.884,37.516683,ARB0300000000042L,문래동5가,,
21222.00000000000000000,DT_103,127.050,37.524396,ARB030000000001WC,논현동,,
1683.00000000000000000,DT_104,126.955,37.535774,ARB030000000002O5,도화동,,
407.00000000000000000,DT_105,127.008,37.588721,ARB030000000002ZG,동소문동1가,,
92.00000000000000000,DT_106,126.981,37.579623,ARB0300000000060L,세종로,,
53984.00000000000000000,DT_107,126.923,37.593835,ARB030000000001VB,녹번동,,
25706.00000000000000000,DT_108,126.967,37.517453,ARB030000000001UA,노량진동,,
33433.00000000000000000,DT_109,127.029,37.684849,ARB030000000002L2,도봉동,,
135.00000000000000000,DT_110,126.990,37.569077,ARB030000000000N2,관수동,,
56.00000000000000000,DT_111,126.992,37.570408,ARB030000000001AQ,낙원동,,
2338.00000000000000000,DT_112,126.962,37.566814,ARB030000000001S8,냉천동,,
65732.00000000000000000,DT_113,126.914,37.506065,ARB030000000002BS,대림동,,
4.00000000000000000,DT_114,126.977,37.567731,ARB030000000006PA,신문로1가,,
11138.00000000000000000,DT_115,126.906,37.584168,ARB030000000005H1,상암동,,
5042.00000000000000000,DT_116,126.899,37.521685,ARB0300000000023K,당산동1가,,
13468.00000000000000000,DT_117,126.901,37.509101,ARB030000000000WB,구로동,,
20121.00000000000000000,DT_118,127.145,37.528264,ARB0300000000018O,길동,,
792.00000000000000000,DT_119,126.985,37.582684,ARB0300000000005K,가회동,,
161.00000000000000000,DT_120,126.986,37.569125,ARB030000000000O3,관철동,,
9522.00000000000000000,DT_121,127.027,37.523806,ARB030000000004EX,보광동,,
37209.00000000000000000,DT_122,127.037,37.629045,ARB0300000000047Q,미아동,,
17438.00000000000000000,DT_123,126.884,37.476685,ARB0300000000003I,가산동,,
5601.00000000000000000,DT_124,126.884,37.523427,ARB030000000003R9,목동,,
42657.00000000000000000,DT_125,127.057,37.571019,ARB0300000000021I,답십리동,,
1091.00000000000000000,DT_126,126.968,37.584506,ARB030000000006I3,신교동,,
570.00000000000000000,DT_127,126.983,37.558763,ARB030000000001L1,남창동,,
126.00000000000000000,DT_128,127.007,37.567783,ARB030000000000R6,광희동1가,,
26489.00000000000000000,DT_129,126.882,37.509946,ARB030000000000WB,구로동,,
21.00000000000000000,DT_130,126.991,37.560575,ARB030000000001IY,남산동2가,,
1.00000000000000000,DT_131,126.975,37.573123,ARB030000000001Q6,내수동,,
74513.00000000000000000,DT_132,127.017,37.488375,ARB0300000000048R,반포동,,
7585.00000000000000000,DT_133,127.020,37.552912,ARB0300000000015L,금호동2가,,
51529.00000000000000000,DT_134,127.070,37.570207,ARB0300000000021I,답십리동,,
1397.00000000000000000,DT_135,126.903,37.521632,ARB0300000000023K,당산동1가,,
35072.00000000000000000,DT_136,127.022,37.608592,ARB0300000000019P,길음동,,
23225.00000000000000000,DT_137,126.880,37.570720,ARB0300000000004J,가양동,,
77.00000000000000000,DT_138,126.980,37.570433,ARB030000000002AR,당주동,,
34894.00000000000000000,DT_139,126.839,37.491661,ARB0300000000009O,개봉동,,
34868.00000000000000000,DT_140,126.939,37.593026,ARB030000000001BR,남가좌동,,
51.00000000000000000,DT_141,126.992,37.572436,ARB030000000001AQ,낙원동,,
756.00000000000000000,DT_142,127.021,37.582918,ARB030000000004GZ,보문동2가,,
80631.00000000000000000,DT_143,127.080,37.651013,ARB030000000000JY,공릉동,,
193736.00000000000000000,DT_144,126.936,37.463201,ARB030000000000WB,구로동,,
976.00000000000000000,DT_145,126.940,37.538912,ARB030000000007N9,여의도동,,
9596.00000000000000000,DT_146,127.020,37.549782,ARB0300000000015L,금호동2가,,
27226.00000000000000000,DT_147,127.099,37.523924,ARB030000000000Q5,광장동,,
3181.00000000000000000,DT_148,127.022,37.588706,ARB030000000002VC,동선동2가,,
297.00000000000000000,DT_149,126.996,37.564204,ARB0300000000099X,을지로3가,,
4014.00000000000000000,DT_150,126.905,37.528300,ARB0300000000023K,당산동1가,,
443.00000000000000000,DT_151,127.000,37.562843,ARB0300000000087U,예관동,,
2958.00000000000000000,DT_152,126.903,37.534661,ARB0300000000027O,당산동5가,,
185.00000000000000000,DT_153,126.988,37.561729,ARB030000000003L3,명동2가,,
4877.00000000000000000,DT_154,126.995,37.524462,ARB030000000002TA,동빙고동,,
5995.00000000000000000,DT_155,126.959,37.577110,ARB030000000003UC,무악동,,
59940.00000000000000000,DT_156,126.852,37.494224,ARB0300000000009O,개봉동,,
29036.00000000000000000,DT_157,127.114,37.533207,ARB030000000000Q5,광장동,,
8807.00000000000000000,DT_158,126.840,37.480262,ARB030000000008CZ,오류동,,
2602.00000000000000000,DT_159,127.112,37.470812,ARB030000000005ZJ,세곡동,,
29.00000000000000000,DT_160,126.993,37.567818,ARB030000000000N2,관수동,,
4258.00000000000000000,DT_161,126.991,37.518622,ARB030000000005O8,서빙고동,,
2803.00000000000000000,DT_162,126.962,37.602520,ARB030000000000VA,구기동,,
19004.00000000000000000,DT_163,127.073,37.543253,ARB030000000005YI,성수동2가,,
19992.00000000000000000,DT_164,127.018,37.465934,ARB0300000000049S,방배동,,
57794.00000000000000000,DT_165,127.091,37.630496,ARB030000000000JY,공릉동,,
2.00000000000000000,DT_166,126.971,37.556556,ARB0300000000037P,동자동,,
1.00000000000000000,DT_167,126.798,37.543477,ARB030000000008AX,오곡동,,
827.00000000000000000,DT_168,126.922,37.542606,ARB0300000000029Q,당인동,,
36609.00000000000000000,DT_169,126.859,37.503168,ARB0300000000009O,개봉동,,
6546.00000000000000000,DT_170,126.821,37.494144,ARB030000000008I5,온수동,,
82.00000000000000000,DT_171,126.993,37.581715,ARB0300000000005K,가회동,,
2725.00000000000000000,DT_172,126.973,37.536078,ARB0300000000044N,문배동,,
59302.00000000000000000,DT_173,126.998,37.615588,ARB030000000000VA,구기동,,
150739.00000000000000000,DT_174,127.070,37.672993,ARB030000000002L2,도봉동,,
1178.00000000000000000,DT_175,126.804,37.587115,ARB030000000000BQ,개화동,,
2722.00000000000000000,DT_176,126.890,37.542638,ARB030000000003R9,목동,,
478.00000000000000000,DT_177,126.972,37.582668,ARB0300000000012I,궁정동,,
259.00000000000000000,DT_178,126.973,37.566611,ARB0300000000046P,미근동,,
71494.00000000000000000,DT_179,127.075,37.531696,ARB030000000000ZE,구의동,,
39177.00000000000000000,DT_180,126.914,37.621543,ARB0300000000007M,갈현동,,
8429.00000000000000000,DT_181,126.934,37.558699,ARB030000000001T9,노고산동,,
352.00000000000000000,DT_182,127.008,37.571947,ARB030000000007SE,연지동,,
197.00000000000000000,DT_183,126.984,37.577400,ARB030000000004XG,사간동,,
1441.00000000000000000,DT_184,127.020,37.582398,ARB030000000004H0,보문동3가,,
5.00000000000000000,DT_185,126.980,37.575313,ARB0300000000060L,세종로,,
25.00000000000000000,DT_186,126.974,37.563142,ARB0300000000046P,미근동,,
12958.00000000000000000,DT_187,126.981,37.549902,ARB0300000000006L,갈월동,,
12.00000000000000000,DT_188,126.980,37.561700,ARB030000000001FV,남대문로4가,,
480.00000000000000000,DT_189,126.990,37.555222,ARB030000000001HX,남산동1가,,
32055.00000000000000000,DT_190,126.917,37.492674,ARB030000000000WB,구로동,,
6.00000000000000000,DT_191,126.985,37.564303,ARB030000000001DT,남대문로2가,,
31.00000000000000000,DT_192,126.987,37.560154,ARB030000000001HX,남산동1가,,
4704.00000000000000000,DT_193,126.969,37.531541,ARB0300000000044N,문배동,,
33872.00000000000000000,DT_194,127.056,37.513969,ARB030000000001WC,논현동,,
697.00000000000000000,DT_195,127.000,37.573753,ARB030000000007SE,연지동,,
2622.00000000000000000,DT_196,127.032,37.566513,ARB030000000002M3,도선동,,
717.00000000000000000,DT_197,126.820,37.547088,ARB030000000000L0,공항동,,
658.00000000000000000,DT_198,126.975,37.556100,ARB030000000001GW,남대문로5가,,
55507.00000000000000000,DT_199,127.031,37.665284,ARB030000000002L2,도봉동,,
2235.00000000000000000,DT_200,127.001,37.554995,ARB030000000003XF,묵정동,,
8960.00000000000000000,DT_201,126.825,37.481036,ARB030000000008CZ,오류동,,
501.00000000000000000,DT_202,126.973,37.542862,ARB0300000000006L,갈월동,,
70.00000000000000000,DT_203,126.992,37.564426,ARB030000000003L3,명동2가,,
58637.00000000000000000,DT_204,127.039,37.500078,ARB030000000001WC,논현동,,
59967.00000000000000000,DT_205,127.093,37.544413,ARB030000000000ZE,구의동,,
28367.00000000000000000,DT_206,126.919,37.575622,ARB030000000001BR,남가좌동,,
4427.00000000000000000,DT_207,126.966,37.558836,ARB030000000003FX,만리동1가,,
3553.00000000000000000,DT_208,126.894,37.522484,ARB0300000000024L,당산동2가,,
3.00000000000000000,DT_209,126.980,37.569522,ARB0300000000020H,다동,,
10454.00000000000000000,DT_210,127.001,37.526872,ARB030000000002TA,동빙고동,,
7705.00000000000000000,DT_211,126.906,37.571631,ARB030000000005H1,상암동,,
2605.00000000000000000,DT_212,127.002,37.587813,ARB030000000003M4,명륜1가,,
328.00000000000000000,DT_213,126.985,37.562903,ARB030000000001DT,남대문로2가,,
34460.00000000000000000,DT_214,127.106,37.599588,ARB030000000003HZ,망우동,,
1181.00000000000000000,DT_215,126.967,37.567916,ARB030000000000T8,교남동,,
612.00000000000000000,DT_216,126.968,37.579290,ARB030000000001XD,누상동,,
20.00000000000000000,DT_217,126.998,37.564254,ARB030000000009AY,을지로4가,,
73.00000000000000000,DT_218,126.972,37.575314,ARB030000000001Q6,내수동,,
21174.00000000000000000,DT_219,127.145,37.489727,ARB0300000000001G,가락동,,
6094.00000000000000000,DT_220,126.895,37.585573,ARB030000000005H1,상암동,,
66764.00000000000000000,DT_221,127.118,37.495686,ARB0300000000001G,가락동,,
7022.00000000000000000,DT_222,127.048,37.606170,ARB030000000005J3,상월곡동,,
14391.00000000000000000,DT_223,126.809,37.553918,ARB030000000000L0,공항동,,
77220.00000000000000000,DT_224,126.993,37.479494,ARB030000000001N3,남현동,,
4519.00000000000000000,DT_225,127.011,37.583880,ARB030000000002ZG,동소문동1가,,
26015.00000000000000000,DT_226,127.103,37.502726,ARB0300000000001G,가락동,,
55744.00000000000000000,DT_227,127.027,37.653358,ARB030000000004CV,방학동,,
10855.00000000000000000,DT_228,126.829,37.500433,ARB0300000000011H,궁동,,
8359.00000000000000000,DT_229,126.954,37.512448,ARB030000000001UA,노량진동,,
16854.00000000000000000,DT_230,127.173,37.567433,ARB0300000000008N,강일동,,
9889.00000000000000000,DT_231,126.943,37.549804,ARB030000000001T9,노고산동,,
2443.00000000000000000,DT_232,126.972,37.545407,ARB0300000000006L,갈월동,,
23481.00000000000000000,DT_233,127.043,37.543606,ARB0300000000017N,금호동4가,,
31.00000000000000000,DT_234,126.974,37.575321,ARB030000000001Q6,내수동,,
7972.00000000000000000,DT_235,126.901,37.532087,ARB0300000000026N,당산동4가,,
64614.00000000000000000,DT_236,127.063,37.499190,ARB030000000002FW,대치동,,
36936.00000000000000000,DT_237,127.050,37.615219,ARB0300000000047Q,미아동,,
74.00000000000000000,DT_238,126.992,37.561088,ARB030000000001JZ,남산동3가,,
16.00000000000000000,DT_239,126.983,37.561170,ARB030000000001DT,남대문로2가,,
91.00000000000000000,DT_240,126.998,37.566442,ARB0300000000051L,산림동,,
3389.00000000000000000,DT_241,127.034,37.563811,ARB030000000002M3,도선동,,
3255.00000000000000000,DT_242,127.023,37.583546,ARB030000000004FY,보문동1가,,
275.00000000000000000,DT_243,126.969,37.570870,ARB030000000000T8,교남동,,
1902.00000000000000000,DT_244,127.019,37.595196,ARB030000000002Q7,돈암동,,
136.00000000000000000,DT_245,126.978,37.562453,ARB030000000001FV,남대문로4가,,
2168.00000000000000000,DT_246,126.944,37.537135,ARB030000000003EW,마포동,,
544.00000000000000000,DT_247,126.970,37.580161,ARB030000000001XD,누상동,,
218.00000000000000000,DT_248,126.981,37.582798,ARB0300000000060L,세종로,,
17134.00000000000000000,DT_249,127.037,37.583775,ARB030000000007BX,안암동5가,,
4665.00000000000000000,DT_250,126.893,37.539367,ARB030000000003R9,목동,,
168741.00000000000000000,DT_251,126.847,37.540700,ARB030000000001P5,내발산동,,
116.00000000000000000,DT_252,126.992,37.562387,ARB030000000001JZ,남산동3가,,
10308.00000000000000000,DT_253,126.899,37.529039,ARB0300000000025M,당산동3가,,
11610.00000000000000000,DT_254,127.019,37.575574,ARB030000000004K3,보문동6가,,
76460.00000000000000000,DT_255,127.007,37.638327,ARB030000000006AV,수유동,,
15414.00000000000000000,DT_256,127.005,37.537543,ARB030000000004EX,보광동,,
1136.00000000000000000,DT_257,126.928,37.543592,ARB030000000005G0,상수동,,
35886.00000000000000000,DT_258,126.907,37.595614,ARB0300000000067S,수색동,,
7355.00000000000000000,DT_259,126.985,37.542886,ARB030000000008PC,용산동1가,,
49174.00000000000000000,DT_260,126.936,37.619156,ARB0300000000007M,갈현동,,
23544.00000000000000000,DT_261,126.928,37.528505,ARB0300000000022J,당산동,,
151.00000000000000000,DT_262,127.049,37.443321,ARB030000000007E0,양재동,,
65753.00000000000000000,DT_263,127.128,37.544376,ARB030000000000Q5,광장동,,
2294.00000000000000000,DT_264,127.021,37.593932,ARB030000000002Q7,돈암동,,
34959.00000000000000000,DT_265,126.833,37.552491,ARB030000000001P5,내발산동,,
720.00000000000000000,DT_266,126.998,37.572344,ARB030000000004Q9,봉익동,,
6288.00000000000000000,DT_267,126.904,37.536425,ARB0300000000022J,당산동,,
2141.00000000000000000,DT_268,127.006,37.574959,ARB030000000007QC,연건동,,
350.00000000000000000,DT_269,126.972,37.580560,ARB030000000001YE,누하동,,
2865.00000000000000000,DT_270,127.025,37.568462,ARB030000000005I2,상왕십리동,,
24.00000000000000000,DT_271,126.984,37.560168,ARB03000000000BC2,충무로1가,,
100526.00000000000000000,DT_272,127.089,37.582357,ARB030000000003HZ,망우동,,
28084.00000000000000000,DT_273,127.153,37.498487,ARB030000000000CR,거여동,,
13963.00000000000000000,DT_274,127.045,37.588796,ARB03000000000AB0,제기동,,
10658.00000000000000000,DT_275,127.105,37.464369,ARB030000000001O4,내곡동,,
395.00000000000000000,DT_276,126.998,37.575562,ARB030000000008J6,와룡동,,
19.00000000000000000,DT_277,126.989,37.560660,ARB030000000001HX,남산동1가,,
3.00000000000000000,DT_278,126.968,37.566526,ARB030000000000T8,교남동,,
14016.00000000000000000,DT_279,126.909,37.547023,ARB0300000000022J,당산동,,
71841.00000000000000000,DT_280,126.972,37.485623,ARB030000000001N3,남현동,,
791.00000000000000000,DT_281,126.893,37.512778,ARB030000000003ZH,문래동2가,,
2999.00000000000000000,DT_282,127.005,37.581404,ARB0300000000036O,동숭동,,
1064.00000000000000000,DT_283,126.996,37.562329,ARB030000000009PD,인현동1가,,
204.00000000000000000,DT_284,126.974,37.571588,ARB030000000001Q6,내수동,,
34029.00000000000000000,DT_285,127.078,37.600502,ARB030000000003WE,묵동,,
28321.00000000000000000,DT_286,127.063,37.599461,ARB030000000005RB,석관동,,
236.00000000000000000,DT_287,126.973,37.584698,ARB0300000000012I,궁정동,,
2819.00000000000000000,DT_288,126.925,37.557595,ARB030000000002S9,동교동,,
675.00000000000000000,DT_289,127.000,37.521302,ARB030000000002TA,동빙고동,,
191.00000000000000000,DT_290,127.015,37.564374,ARB030000000006L6,신당동,,
29227.00000000000000000,DT_291,127.039,37.604682,ARB0300000000019P,길음동,,
2.00000000000000000,DT_292,126.982,37.576777,ARB030000000004XG,사간동,,
3965.00000000000000000,DT_293,126.951,37.535486,ARB030000000002O5,도화동,,
50247.00000000000000000,DT_294,127.131,37.557805,ARB030000000000Q5,광장동,,
2553.00000000000000000,DT_295,126.964,37.571151,ARB030000000000U9,교북동,,
50541.00000000000000000,DT_296,127.123,37.485585,ARB0300000000001G,가락동,,
4176.00000000000000000,DT_297,126.969,37.537109,ARB0300000000044N,문배동,,
63743.00000000000000000,DT_298,127.089,37.563519,ARB0300000000010G,군자동,,
3153.00000000000000000,DT_299,127.028,37.588457,ARB030000000002Q7,돈암동,,
3464.00000000000000000,DT_300,126.889,37.523190,ARB0300000000043M,문래동6가,,
2397.00000000000000000,DT_301,127.011,37.591757,ARB030000000002Q7,돈암동,,
23141.00000000000000000,DT_302,126.942,37.511570,ARB030000000001UA,노량진동,,
42019.00000000000000000,DT_303,127.063,37.480277,ARB030000000000AP,개포동,,
5175.00000000000000000,DT_304,127.048,37.558904,ARB030000000003CU,마장동,,
57.00000000000000000,DT_305,126.994,37.564588,ARB0300000000099X,을지로3가,,
11983.00000000000000000,DT_306,126.937,37.548577,ARB030000000000YD,구수동,,
89529.00000000000000000,DT_307,127.044,37.647746,ARB030000000004CV,방학동,,
24.00000000000000000,DT_308,126.998,37.570672,ARB030000000003SA,묘동,,
546.00000000000000000,DT_309,127.020,37.586498,ARB030000000004GZ,보문동2가,,
23316.00000000000000000,DT_310,126.962,37.505493,ARB030000000004M5,본동,,
3807.00000000000000000,DT_311,126.993,37.588221,ARB030000000000FU,계동,,
1149.00000000000000000,DT_312,126.904,37.517891,ARB0300000000023K,당산동1가,,
37729.00000000000000000,DT_313,126.905,37.565659,ARB030000000003I0,망원동,,
115.00000000000000000,DT_314,126.988,37.576389,ARB030000000000ET,경운동,,
34909.00000000000000000,DT_315,127.114,37.505108,ARB0300000000001G,가락동,,
25114.00000000000000000,DT_316,127.092,37.501902,ARB030000000002FW,대치동,,
4815.00000000000000000,DT_317,126.960,37.537659,ARB030000000002N4,도원동,,
271.00000000000000000,DT_318,126.947,37.572631,ARB030000000002DU,대신동,,
1478.00000000000000000,DT_319,126.963,37.583539,ARB030000000001XD,누상동,,
14335.00000000000000000,DT_320,126.978,37.464112,ARB030000000001N3,남현동,,
846.00000000000000000,DT_321,126.966,37.561570,ARB03000000000BKA,충정로3가,,
19757.00000000000000000,DT_322,126.955,37.548070,ARB030000000000IX,공덕동,,
2563.00000000000000000,DT_323,126.966,37.575412,ARB030000000003UC,무악동,,
1882.00000000000000000,DT_324,126.972,37.573325,ARB030000000001Q6,내수동,,
8894.00000000000000000,DT_325,127.056,37.561467,ARB030000000003CU,마장동,,
116877.00000000000000000,DT_326,126.875,37.536045,ARB030000000003AS,등촌동,,
21073.00000000000000000,DT_327,127.057,37.540688,ARB030000000005XH,성수동1가,,
765.00000000000000000,DT_328,126.968,37.577299,ARB030000000001XD,누상동,,
199.00000000000000000,DT_329,126.986,37.575202,ARB030000000000DS,견지동,,
517.00000000000000000,DT_330,126.991,37.571982,ARB030000000001AQ,낙원동,,
31610.00000000000000000,DT_331,126.872,37.554550,ARB0300000000004J,가양동,,
6713.00000000000000000,DT_332,126.907,37.524292,ARB0300000000022J,당산동,,
3026.00000000000000000,DT_333,127.016,37.588541,ARB0300000000031J,동소문동3가,,
67.00000000000000000,DT_334,126.985,37.574157,ARB030000000000DS,견지동,,
3463.00000000000000000,DT_335,126.959,37.567906,ARB030000000004UD,북아현동,,
9644.00000000000000000,DT_336,127.021,37.568545,ARB030000000006EZ,숭인동,,
580.00000000000000000,DT_337,126.933,37.545762,ARB030000000000YD,구수동,,
1328.00000000000000000,DT_338,127.008,37.560980,ARB030000000003XF,묵정동,,
844.00000000000000000,DT_339,127.022,37.579774,ARB030000000004J2,보문동5가,,
64.00000000000000000,DT_340,126.988,37.564430,ARB030000000003K2,명동1가,,
2958.00000000000000000,DT_341,126.951,37.532551,ARB030000000003EW,마포동,,
8989.00000000000000000,DT_342,126.975,37.613030,ARB030000000000VA,구기동,,
362.00000000000000000,DT_343,127.004,37.563529,ARB030000000003XF,묵정동,,
2960.00000000000000000,DT_344,126.912,37.520610,ARB030000000007YK,영등포동1가,,
40891.00000000000000000,DT_345,126.938,37.639677,ARB0300000000007M,갈현동,,
20152.00000000000000000,DT_346,127.034,37.575721,ARB030000000004L4,보문동7가,,
684.00000000000000000,DT_347,126.995,37.558772,ARB030000000001M2,남학동,,
1525.00000000000000000,DT_348,127.004,37.589526,ARB030000000005VF,성북동1가,,
163.00000000000000000,DT_349,126.897,37.512283,ARB030000000003YG,문래동1가,,
58176.00000000000000000,DT_350,127.001,37.503964,ARB0300000000038Q,동작동,,
84676.00000000000000000,DT_351,126.834,37.526607,ARB030000000001P5,내발산동,,
9034.00000000000000000,DT_352,127.082,37.550579,ARB030000000000ZE,구의동,,
98394.00000000000000000,DT_353,127.024,37.621099,ARB0300000000019P,길음동,,
12674.00000000000000000,DT_354,127.169,37.550583,ARB030000000000GV,고덕동,,
8907.00000000000000000,DT_355,126.891,37.529036,ARB030000000003R9,목동,,
689.00000000000000000,DT_356,127.000,37.582232,ARB030000000003N5,명륜2가,,
1236.00000000000000000,DT_357,126.963,37.536297,ARB030000000008OB,용문동,,
700.00000000000000000,DT_358,126.997,37.558516,ARB0300000000088V,예장동,,
778.00000000000000000,DT_359,126.987,37.582352,ARB0300000000005K,가회동,,
2786.00000000000000000,DT_360,126.967,37.543256,ARB0300000000091P,원효로1가,,
11256.00000000000000000,DT_361,127.034,37.550928,ARB0300000000014K,금호동1가,,
29542.00000000000000000,DT_362,127.018,37.597794,ARB0300000000019P,길음동,,
3958.00000000000000000,DT_363,126.934,37.542222,ARB030000000000YD,구수동,,
25435.00000000000000000,DT_364,127.061,37.608266,ARB030000000005J3,상월곡동,,
28421.00000000000000000,DT_365,127.083,37.488009,ARB030000000000AP,개포동,,
432.00000000000000000,DT_366,126.947,37.534501,ARB030000000003EW,마포동,,
1.00000000000000000,DT_367,126.984,37.568097,ARB030000000001CS,남대문로1가,,
168.00000000000000000,DT_368,126.990,37.564240,ARB030000000003K2,명동1가,,
267.00000000000000000,DT_369,126.973,37.578077,ARB030000000001YE,누하동,,
1589.00000000000000000,DT_370,127.017,37.596287,ARB030000000002Q7,돈암동,,
7548.00000000000000000,DT_371,126.961,37.542824,ARB030000000000IX,공덕동,,
3542.00000000000000000,DT_372,126.962,37.562117,ARB030000000004UD,북아현동,,
80849.00000000000000000,DT_373,127.083,37.511963,ARB030000000002FW,대치동,,
171500.00000000000000000,DT_374,126.953,37.477976,ARB030000000004RA,봉천동,,
3402.00000000000000000,DT_375,126.963,37.573680,ARB030000000000U9,교북동,,
6685.00000000000000000,DT_376,126.885,37.519897,ARB030000000003R9,목동,,
4809.00000000000000000,DT_377,127.019,37.580391,ARB030000000004H0,보문동3가,,
7722.00000000000000000,DT_378,126.993,37.597245,ARB030000000003M4,명륜1가,,
4029.00000000000000000,DT_379,126.962,37.527668,ARB030000000006G1,신계동,,
268.00000000000000000,DT_380,126.987,37.570458,ARB030000000000KZ,공평동,,
9.00000000000000000,DT_381,126.973,37.559100,ARB030000000004O7,봉래동2가,,
25.00000000000000000,DT_382,127.003,37.568727,ARB030000000004AT,방산동,,
3444.00000000000000000,DT_383,126.974,37.499217,ARB0300000000038Q,동작동,,
15386.00000000000000000,DT_384,126.919,37.553839,ARB030000000002S9,동교동,,
106.00000000000000000,DT_385,126.996,37.567677,ARB030000000000N2,관수동,,
5930.00000000000000000,DT_386,126.924,37.546671,ARB0300000000029Q,당인동,,
29949.00000000000000000,DT_387,127.134,37.504005,ARB0300000000001G,가락동,,
18993.00000000000000000,DT_388,126.956,37.554468,ARB030000000000IX,공덕동,,
581.00000000000000000,DT_389,126.971,37.577594,ARB030000000001XD,누상동,,
3326.00000000000000000,DT_390,126.997,37.589114,ARB030000000003M4,명륜1가,,
5896.00000000000000000,DT_391,126.967,37.548792,ARB030000000000IX,공덕동,,
4165.00000000000000000,DT_392,126.956,37.538728,ARB030000000002N4,도원동,,
995.00000000000000000,DT_393,126.971,37.562573,ARB0300000000046P,미근동,,
3010.00000000000000000,DT_394,127.013,37.586543,ARB0300000000030I,동소문동2가,,
33569.00000000000000000,DT_395,127.157,37.563658,ARB030000000000GV,고덕동,,
33196.00000000000000000,DT_396,126.851,37.567890,ARB0300000000004J,가양동,,
1504.00000000000000000,DT_397,126.890,37.514468,ARB0300000000041K,문래동4가,,
56978.00000000000000000,DT_398,127.057,37.628244,ARB0300000000095T,월계동,,
90.00000000000000000,DT_399,126.985,37.559348,ARB03000000000BC2,충무로1가,,
3501.00000000000000000,DT_400,126.964,37.554627,ARB030000000000IX,공덕동,,
588.00000000000000000,DT_401,126.941,37.565545,ARB030000000002DU,대신동,,
21.00000000000000000,DT_402,126.990,37.567467,ARB030000000000O3,관철동,,
76307.00000000000000000,DT_403,126.898,37.467477,ARB0300000000002H,가리봉동,,
4455.00000000000000000,DT_404,126.938,37.554389,ARB030000000001T9,노고산동,,
516.00000000000000000,DT_405,126.989,37.572573,ARB030000000000DS,견지동,,
131205.00000000000000000,DT_406,126.856,37.515194,ARB0300000000009O,개봉동,,
21740.00000000000000000,DT_407,127.028,37.530736,ARB030000000005XH,성수동1가,,
4772.00000000000000000,DT_408,126.946,37.560413,ARB030000000002DU,대신동,,
29565.00000000000000000,DT_409,126.928,37.506879,ARB030000000002CT,대방동,,
544.00000000000000000,DT_410,126.986,37.558592,ARB030000000001HX,남산동1가,,
135.00000000000000000,DT_411,126.999,37.568270,ARB0300000000051L,산림동,,
276.00000000000000000,DT_412,126.978,37.558080,ARB030000000001FV,남대문로4가,,
1785.00000000000000000,DT_413,127.018,37.585757,ARB030000000004H0,보문동3가,,
10323.00000000000000000,DT_414,126.907,37.513786,ARB030000000002K1,도림동,,
2486.00000000000000000,DT_415,126.963,37.580399,ARB030000000001XD,누상동,,
1613.00000000000000000,DT_416,127.016,37.567311,ARB030000000006L6,신당동,,
1461.00000000000000000,DT_417,127.014,37.593532,ARB030000000002Q7,돈암동,,
86.00000000000000000,DT_418,126.992,37.576506,ARB030000000000ET,경운동,,
35274.00000000000000000,DT_419,127.056,37.579747,ARB0300000000021I,답십리동,,
12077.00000000000000000,DT_420,126.922,37.563023,ARB030000000005M6,서교동,,
33793.00000000000000000,DT_421,127.146,37.539616,ARB0300000000018O,길동,,
6.00000000000000000,DT_422,126.785,37.552956,ARB030000000000M1,과해동,,
41201.00000000000000000,DT_423,127.045,37.488596,ARB030000000002IZ,도곡동,,
52.00000000000000000,DT_424,127.010,37.566288,ARB030000000000R6,광희동1가,,
2303.00000000000000000,DT_425,126.913,37.517626,ARB030000000007XJ,영등포동,,
34322.00000000000000000,DT_426,126.915,37.604578,ARB030000000000XC,구산동,,
48.00000000000000000,DT_427,126.986,37.565884,ARB030000000001CS,남대문로1가,,
28710.00000000000000000,DT_428,127.034,37.597174,ARB030000000002Q7,돈암동,,
139.00000000000000000,DT_429,127.004,37.570617,ARB030000000007SE,연지동,,
43198.00000000000000000,DT_430,127.101,37.612603,ARB030000000000JY,공릉동,,
1233.00000000000000000,DT_431,126.930,37.543178,ARB0300000000029Q,당인동,,
112.00000000000000000,DT_432,126.968,37.564117,ARB0300000000046P,미근동,,
965.00000000000000000,DT_433,126.967,37.556166,ARB030000000003FX,만리동1가,,
7391.00000000000000000,DT_434,127.001,37.663288,ARB030000000006AV,수유동,,
1516.00000000000000000,DT_435,127.006,37.577240,ARB0300000000036O,동숭동,,
17236.00000000000000000,DT_436,127.041,37.567359,ARB030000000002M3,도선동,,
9634.00000000000000000,DT_437,126.947,37.549132,ARB030000000001T9,노고산동,,
194.00000000000000000,DT_438,126.983,37.573523,ARB0300000000069U,수송동,,
20074.00000000000000000,DT_439,126.923,37.612256,ARB0300000000007M,갈현동,,
4159.00000000000000000,DT_440,126.959,37.619379,ARB030000000000VA,구기동,,
1337.00000000000000000,DT_441,127.000,37.578703,ARB030000000003P7,명륜4가,,
51814.00000000000000000,DT_442,126.814,37.575896,ARB030000000000BQ,개화동,,
2657.00000000000000000,DT_443,127.013,37.590025,ARB030000000002ZG,동소문동1가,,
54.00000000000000000,DT_444,126.974,37.570190,ARB030000000006PA,신문로1가,,
38364.00000000000000000,DT_445,126.829,37.568650,ARB030000000000L0,공항동,,
160.00000000000000000,DT_446,126.983,37.580692,ARB0300000000060L,세종로,,
99.00000000000000000,DT_447,127.011,37.590387,ARB030000000002ZG,동소문동1가,,
10524.00000000000000000,DT_448,127.024,37.545395,ARB0300000000014K,금호동1가,,
29970.00000000000000000,DT_449,126.900,37.555478,ARB030000000003I0,망원동,,
299.00000000000000000,DT_450,127.005,37.565023,ARB030000000000R6,광희동1가,,
2.00000000000000000,DT_451,126.970,37.560737,ARB03000000000APE,중림동,,
24138.00000000000000000,DT_452,127.028,37.563961,ARB0300000000014K,금호동1가,,
28080.00000000000000000,DT_453,126.933,37.571982,ARB030000000001BR,남가좌동,,
11340.00000000000000000,DT_454,127.025,37.553572,ARB0300000000014K,금호동1가,,
0.00000000000000000,DT_455,126.887,37.532887,ARB030000000003R9,목동,,
0.00000000000000000,DT_456,126.977,37.540012,ARB0300000000006L,갈월동,,
0.00000000000000000,DT_457,126.980,37.564075,ARB030000000004VE,북창동,,
0.00000000000000000,DT_458,126.977,37.580304,ARB0300000000012I,궁정동,,
0.00000000000000000,DT_459,126.987,37.567450,ARB030000000001CS,남대문로1가,,
0.00000000000000000,DT_460,126.985,37.567285,ARB030000000001CS,남대문로1가,,
0.00000000000000000,DT_461,126.985,37.530536,ARB030000000008PC,용산동1가,,
0.00000000000000000,DT_462,126.994,37.574384,ARB0300000000013J,권농동,,
0.00000000000000000,DT_463,126.889,37.547969,ARB0300000000022J,당산동,,
0.00000000000000000,DT_464,126.985,37.518641,ARB030000000008SF,용산동4가,,
0.00000000000000000,DT_465,126.788,37.565625,ARB030000000000M1,과해동,,
0.00000000000000000,DT_466,126.983,37.571307,ARB0300000000069U,수송동,,
0.00000000000000000,DT_467,126.983,37.567580,ARB0300000000020H,다동,,
